Fruits,Sweetness,Sourness,Crunchiness,Ranking Score,Position
Apple,8,4,7,0.5122392382970181,3.0
Banana,9,2,4,0.8113503444761977,1.0
Orange,7,9,3,0.39376011331600336,5.0
Mango,9,5,6,0.47172686873412206,4.0
Grapes,8,3,5,0.7209448358268538,2.0
Pineapple,7,8,6,0.23146026941121284,6.0
